game,zone,micro,meso,macro,provenance,source_url
Aimlabs,micro,high,low,low,surnex,https://playertype.gg/games/aimlabs
Beat Saber,micro,high,low,low,surnex,https://playertype.gg/games/beat-saber
Crossy Road,micro,high,low,low,surnex,https://playertype.gg/games/crossy-road
CS2 Surf,micro,high,low,low,surnex,https://playertype.gg/games/cs2-surf
Dark Roll,micro,high,low,low,surnex,https://playertype.gg/games/dark-roll
Devil Daggers,micro,high,low,low,surnex,https://playertype.gg/games/devil-daggers
F-Zero GX,micro,high,low,low,surnex,https://playertype.gg/games/f-zero-gx
Flappy Bird,micro,high,low,low,surnex,https://playertype.gg/games/flappy-bird
Friday Night Funkin',micro,high,low,low,surnex,https://playertype.gg/games/friday-night-funkin
Geometry Dash,micro,high,low,low,surnex,https://playertype.gg/games/geometry-dash
Half Sword,micro,high,low,low,surnex,https://playertype.gg/games/halfsword
Hot Lava,micro,high,low,low,surnex,https://playertype.gg/games/hot-lava
I Wanna Be the Guy,micro,high,low,low,surnex,https://playertype.gg/games/i-wanna-be-the-guy
osu!,micro,high,low,low,surnex,https://playertype.gg/games/osu
QWOP,micro,high,low,low,surnex,https://playertype.gg/games/qwop
StepMania,micro,high,low,low,surnex,https://playertype.gg/games/stepmania
Subway Surfers,micro,high,low,low,surnex,https://playertype.gg/games/subway-surfers
Super Hexagon,micro,high,low,low,surnex,https://playertype.gg/games/super-hexagon
Super Mario Maker,micro,high,low,low,surnex,https://playertype.gg/games/super-mario-maker
Super Meat Boy,micro,high,low,low,surnex,https://playertype.gg/games/super-meat-boy
SUPERHOT,micro,high,low,low,surnex,https://playertype.gg/games/superhot
Taiko no Tatsujin,micro,high,low,low,surnex,https://playertype.gg/games/taiko-no-tatsujin
Tetris,micro,high,low,low,surnex,https://playertype.gg/games/tetris
TypeRacer,micro,high,low,low,surnex,https://playertype.gg/games/typeracer
Among Us,meso,low,high,low,surnex,https://playertype.gg/games/among-us
Blood on the Clocktower,meso,low,high,low,surnex,https://playertype.gg/games/blood-on-the-clocktower
Codenames,meso,low,high,low,surnex,https://playertype.gg/games/codenames
Coup,meso,low,high,low,surnex,https://playertype.gg/games/coup
Gambling / Slots,meso,low,high,low,surnex,https://playertype.gg/games/gambling
Goose Goose Duck,meso,low,high,low,surnex,https://playertype.gg/games/goose-goose-duck
Grand Theft Auto V,meso,low,high,low,surnex,https://playertype.gg/games/gta
Guess Who?,meso,low,high,low,surnex,https://playertype.gg/games/guess-who
Liar's Bar,meso,low,high,low,surnex,https://playertype.gg/games/liars-bar
Liar's Dice,meso,low,high,low,surnex,https://playertype.gg/games/liars-dice
Mafia,meso,low,high,low,surnex,https://playertype.gg/games/mafia
Project Winter,meso,low,high,low,surnex,https://playertype.gg/games/project-winter
Rock Paper Scissors,meso,low,high,low,surnex,https://playertype.gg/games/rock-paper-scissors
Spyfall,meso,low,high,low,surnex,https://playertype.gg/games/spyfall
Stock Trading,meso,low,high,low,surnex,https://playertype.gg/games/stock-trading
The Resistance: Avalon,meso,low,high,low,surnex,https://playertype.gg/games/avalon
Town of Salem,meso,low,high,low,surnex,https://playertype.gg/games/town-of-salem
7 Billion Humans,macro,low,low,high,surnex,https://playertype.gg/games/7-billion-humans
AdVenture Capitalist,macro,low,low,high,surnex,https://playertype.gg/games/adventure-capitalist
Cities: Skylines,macro,low,low,high,surnex,https://playertype.gg/games/cities-skylines
Clicker Heroes,macro,low,low,high,surnex,https://playertype.gg/games/clicker-heroes
Connect 4,macro,low,low,high,surnex,https://playertype.gg/games/connect-4
Cookie Clicker,macro,low,low,high,surnex,https://playertype.gg/games/cookie-clicker
Crusader Kings III,macro,low,low,high,surnex,https://playertype.gg/games/crusader-kings-3
Dwarf Fortress,macro,low,low,high,surnex,https://playertype.gg/games/dwarf-fortress
Factorio,macro,low,low,high,surnex,https://playertype.gg/games/factorio
Kerbal Space Program,macro,low,low,high,surnex,https://playertype.gg/games/ksp
Mini Motorways,macro,low,low,high,surnex,https://playertype.gg/games/mini-motorways
Oxygen Not Included,macro,low,low,high,surnex,https://playertype.gg/games/oxygen-not-included
Poly Bridge,macro,low,low,high,surnex,https://playertype.gg/games/poly-bridge
RimWorld,macro,low,low,high,surnex,https://playertype.gg/games/rimworld
Satisfactory,macro,low,low,high,surnex,https://playertype.gg/games/satisfactory
shapez,macro,low,low,high,surnex,https://playertype.gg/games/shapez
SimCity,macro,low,low,high,surnex,https://playertype.gg/games/simcity
Stardew Valley,macro,low,low,high,surnex,https://playertype.gg/games/stardew-valley
Sudoku,macro,low,low,high,surnex,https://playertype.gg/games/sudoku
Tic-Tac-Toe,macro,low,low,high,surnex,https://playertype.gg/games/tic-tac-toe
Victoria 3,macro,low,low,high,surnex,https://playertype.gg/games/victoria-3
2XKO,micro-meso,high,high,low,surnex,https://playertype.gg/games/2xko
Brawlhalla,micro-meso,high,high,low,surnex,https://playertype.gg/games/brawlhalla
Chivalry II,micro-meso,high,high,low,surnex,https://playertype.gg/games/chivalry-2
Dragon Ball FighterZ,micro-meso,high,high,low,surnex,https://playertype.gg/games/dragon-ball-fighterz
Fall Guys,micro-meso,med,high,low,surnex,https://playertype.gg/games/fall-guys
For Honor,micro-meso,high,high,low,surnex,https://playertype.gg/games/for-honor
Gang Beasts,micro-meso,med,high,low,surnex,https://playertype.gg/games/gang-beasts
Guilty Gear,micro-meso,high,high,low,surnex,https://playertype.gg/games/guilty-gear
Mario Kart,micro-meso,high,high,low,surnex,https://playertype.gg/games/mario-kart
Mordhau,micro-meso,high,high,low,surnex,https://playertype.gg/games/mordhau
Mortal Kombat,micro-meso,high,high,low,surnex,https://playertype.gg/games/mortal-kombat
Party Animals,micro-meso,high,high,low,surnex,https://playertype.gg/games/party-animals
Quake,micro-meso,high,high,low,surnex,https://playertype.gg/games/quake
Street Fighter,micro-meso,high,high,low,surnex,https://playertype.gg/games/street-fighter
Super Smash Bros,micro-meso,high,high,low,surnex,https://playertype.gg/games/smash-bros
Tekken,micro-meso,high,high,low,surnex,https://playertype.gg/games/tekken
Tetris 99,micro-meso,high,med,low,surnex,https://playertype.gg/games/tetris-99
8 Ball Pool,micro-macro,high,low,high,surnex,https://playertype.gg/games/8-ball-pool
Call of Duty: Modern Warfare III,micro-macro,high,low,high,surnex,https://playertype.gg/games/cod-modern-warfare
Celeste,micro-macro,high,low,high,surnex,https://playertype.gg/games/celeste
Cuphead,micro-macro,high,low,high,surnex,https://playertype.gg/games/cuphead
Dead Cells,micro-macro,high,low,high,surnex,https://playertype.gg/games/dead-cells
Devil May Cry 5,micro-macro,high,low,high,surnex,https://playertype.gg/games/devil-may-cry-5
Doom,micro-macro,high,low,high,surnex,https://playertype.gg/games/doom
Getting Over It,micro-macro,high,low,med,surnex,https://playertype.gg/games/getting-over-it
Hades,micro-macro,high,low,high,surnex,https://playertype.gg/games/hades
Hollow Knight: Silksong,micro-macro,high,low,high,surnex,https://playertype.gg/games/hollow-knight-silksong
Jump King,micro-macro,high,low,med,surnex,https://playertype.gg/games/jump-king
Monster Hunter,micro-macro,high,low,high,surnex,https://playertype.gg/games/monster-hunter
Rubik's Cube (Speedcubing),micro-macro,high,low,high,surnex,https://playertype.gg/games/rubiks-cube
Super Mario 64,micro-macro,high,low,high,surnex,https://playertype.gg/games/super-mario-64
Terraria,micro-macro,high,low,high,surnex,https://playertype.gg/games/terraria
The Forest,micro-macro,high,low,high,surnex,https://playertype.gg/games/the-forest
The Legend of Zelda: Breath of the Wild,micro-macro,high,low,high,surnex,https://playertype.gg/games/zelda-botw
ULTRAKILL,micro-macro,high,low,high,surnex,https://playertype.gg/games/ultrakill
Vampire Survivors,micro-macro,high,low,high,surnex,https://playertype.gg/games/vampire-survivors
Balatro,meso-macro,low,med,high,surnex,https://playertype.gg/games/balatro
Battleship,meso-macro,low,high,med,surnex,https://playertype.gg/games/battleship
Chess,meso-macro,low,med,high,surnex,https://playertype.gg/games/chess
Civilization VI,meso-macro,low,high,high,surnex,https://playertype.gg/games/civilization-vi
Colonist.io,meso-macro,low,high,high,surnex,https://playertype.gg/games/colonist
Hearthstone,meso-macro,low,high,high,surnex,https://playertype.gg/games/hearthstone
Magic: The Gathering Arena,meso-macro,low,high,high,surnex,https://playertype.gg/games/mtg-arena
Monopoly,meso-macro,low,high,high,surnex,https://playertype.gg/games/monopoly
Phasmophobia,meso-macro,low,med,high,surnex,https://playertype.gg/games/phasmophobia
Pokémon VGC,meso-macro,low,high,high,surnex,https://playertype.gg/games/pokemon-vgc
Poker,meso-macro,low,high,high,surnex,https://playertype.gg/games/poker
Risk,meso-macro,low,high,high,surnex,https://playertype.gg/games/risk
Slay the Spire,meso-macro,low,high,high,surnex,https://playertype.gg/games/slay-the-spire
Super Auto Pets,meso-macro,low,high,high,surnex,https://playertype.gg/games/super-auto-pets
Teamfight Tactics,meso-macro,low,high,high,surnex,https://playertype.gg/games/tft
Apex Legends,micro-meso-macro,high,high,high,surnex,https://playertype.gg/games/apex-legends
Arc Raiders,micro-meso-macro,high,high,high,surnex,https://playertype.gg/games/arc-raiders
Battlefield,micro-meso-macro,high,high,high,surnex,https://playertype.gg/games/battlefield
Clash of Clans,micro-meso-macro,high,high,high,surnex,https://playertype.gg/games/clash-of-clans
Counter-Strike 2,micro-meso-macro,high,high,med,surnex,https://playertype.gg/games/counter-strike-2
Deadlock,micro-meso-macro,high,high,high,surnex,https://playertype.gg/games/deadlock
Delta Force 2024,micro-meso-macro,high,high,high,surnex,https://playertype.gg/games/delta-force
Diablo IV,micro-meso-macro,high,high,high,surnex,https://playertype.gg/games/diablo
Dota 2,micro-meso-macro,high,high,high,surnex,https://playertype.gg/games/dota-2
EA Sports FC,micro-meso-macro,high,high,high,surnex,https://playertype.gg/games/ea-sports-fc
Escape from Tarkov,micro-meso-macro,high,high,high,surnex,https://playertype.gg/games/eft
Fortnite,micro-meso-macro,high,high,high,surnex,https://playertype.gg/games/fortnite
Halo Infinite,micro-meso-macro,high,high,high,surnex,https://playertype.gg/games/halo-infinite
League of Legends,micro-meso-macro,high,high,high,surnex,https://playertype.gg/games/league-of-legends
Marathon,micro-meso-macro,high,high,high,surnex,https://playertype.gg/games/marathon
Marvel Rivals,micro-meso-macro,high,high,high,surnex,https://playertype.gg/games/marvel-rivals
NARAKA: BLADEPOINT,micro-meso-macro,high,high,high,surnex,https://playertype.gg/games/naraka-bladepoint
Overwatch 2,micro-meso-macro,high,high,high,surnex,https://playertype.gg/games/overwatch-2
PUBG: Battlegrounds,micro-meso-macro,high,high,high,surnex,https://playertype.gg/games/pubg
Rainbow Six Siege,micro-meso-macro,high,high,high,surnex,https://playertype.gg/games/rainbow-six-siege
Rocket League,micro-meso-macro,high,med,med,surnex,https://playertype.gg/games/rocket-league
Rust,micro-meso-macro,high,high,high,surnex,https://playertype.gg/games/rust
Smite,micro-meso-macro,high,high,high,surnex,https://playertype.gg/games/smite
StarCraft II,micro-meso-macro,high,high,high,surnex,https://playertype.gg/games/starcraft
The Finals,micro-meso-macro,high,high,high,surnex,https://playertype.gg/games/the-finals
Valorant,micro-meso-macro,high,high,high,surnex,https://playertype.gg/games/valorant
Warframe,micro-meso-macro,high,high,high,surnex,https://playertype.gg/games/warframe
World of Warcraft,micro-meso-macro,high,high,high,surnex,https://playertype.gg/games/wow
